timeStamp,elapsed,label,responseCode,responseMessage,threadName,dataType,success,failureMessage,bytes,sentBytes,grpThreads,allThreads,URL,Latency,IdleTime,Connect
1680779085830,2412,create booking,200,OK,testing  1-1,text,true,,435,509,1,1,https://restful-booker.herokuapp.com/booking,2412,0,1161
1680779088283,467,get booking,200,OK,testing  1-1,text,true,,408,237,1,1,http://restful-booker.herokuapp.com/booking/54,467,0,232
1680779088760,239,update booking,200,OK,testing  1-1,text,true,,410,513,1,1,https://restful-booker.herokuapp.com/booking/54,239,0,0
1680779089000,243,delete booking,201,Created,testing  1-1,text,true,,248,259,1,1,https://restful-booker.herokuapp.com/booking/54,243,0,0
1680779089243,237,create booking,200,OK,testing  1-1,text,true,,436,511,1,1,https://restful-booker.herokuapp.com/booking,237,0,0
1680779089488,235,get booking,200,OK,testing  1-1,text,true,,409,237,1,1,http://restful-booker.herokuapp.com/booking/88,234,0,0
1680779089729,238,update booking,200,OK,testing  1-1,text,true,,410,514,1,1,https://restful-booker.herokuapp.com/booking/88,238,0,0
1680779089968,240,delete booking,201,Created,testing  1-1,text,true,,248,259,1,1,https://restful-booker.herokuapp.com/booking/88,240,0,0
1680779090208,239,create booking,200,OK,testing  1-1,text,true,,438,512,1,1,https://restful-booker.herokuapp.com/booking,239,0,0
1680779090453,235,get booking,200,OK,testing  1-1,text,true,,410,238,1,1,http://restful-booker.herokuapp.com/booking/114,235,0,0
1680779090693,238,update booking,200,OK,testing  1-1,text,true,,411,516,1,1,https://restful-booker.herokuapp.com/booking/114,238,0,0
1680779090932,243,delete booking,201,Created,testing  1-1,text,true,,248,260,1,1,https://restful-booker.herokuapp.com/booking/114,243,0,0
1680779091176,236,create booking,200,OK,testing  1-1,text,true,,438,512,1,1,https://restful-booker.herokuapp.com/booking,236,0,0
1680779091418,234,get booking,200,OK,testing  1-1,text,true,,410,238,1,1,http://restful-booker.herokuapp.com/booking/143,234,0,0
1680779091654,239,update booking,200,OK,testing  1-1,text,true,,410,515,1,1,https://restful-booker.herokuapp.com/booking/143,239,0,0
1680779091893,240,delete booking,201,Created,testing  1-1,text,true,,248,260,1,1,https://restful-booker.herokuapp.com/booking/143,240,0,0
1680779092134,237,create booking,200,OK,testing  1-1,text,true,,438,512,1,1,https://restful-booker.herokuapp.com/booking,237,0,0
1680779092376,236,get booking,200,OK,testing  1-1,text,true,,410,238,1,1,http://restful-booker.herokuapp.com/booking/169,236,0,0
1680779092616,239,update booking,200,OK,testing  1-1,text,true,,409,514,1,1,https://restful-booker.herokuapp.com/booking/169,239,0,0
1680779092856,237,delete booking,201,Created,testing  1-1,text,true,,248,260,1,1,https://restful-booker.herokuapp.com/booking/169,237,0,0
1680779093094,238,create booking,200,OK,testing  1-1,text,true,,437,511,1,1,https://restful-booker.herokuapp.com/booking,238,0,0
1680779093345,236,get booking,200,OK,testing  1-1,text,true,,409,238,1,1,http://restful-booker.herokuapp.com/booking/193,236,0,0
1680779093582,242,update booking,200,OK,testing  1-1,text,true,,409,514,1,1,https://restful-booker.herokuapp.com/booking/193,242,0,0
1680779093825,239,delete booking,201,Created,testing  1-1,text,true,,248,260,1,1,https://restful-booker.herokuapp.com/booking/193,238,0,0
1680779094064,245,create booking,200,OK,testing  1-1,text,true,,438,512,1,1,https://restful-booker.herokuapp.com/booking,245,0,0
1680779094311,234,get booking,200,OK,testing  1-1,text,true,,410,238,1,1,http://restful-booker.herokuapp.com/booking/224,234,0,0
1680779094549,239,update booking,200,OK,testing  1-1,text,true,,410,515,1,1,https://restful-booker.herokuapp.com/booking/224,239,0,0
1680779094788,242,delete booking,201,Created,testing  1-1,text,true,,248,260,1,1,https://restful-booker.herokuapp.com/booking/224,242,0,0
